Species,accessions
Chlorovirus heliozoae,EF101928
Hepacivirus hominis,Y12083
Orthoflavivirus entebbeense,DQ837641
Pegivirus hominis,AB003292
Orthoflavivirus denguei,U88536
Pestivirus tauri,U18059
Pestivirus suis,X87939
Orthoflavivirus saboyaense,DQ859062
Orthoflavivirus saboyaense,DQ859067
Pestivirus Q,KY370101
Orthoflavivirus saumarezense,DQ235150
Pestivirus N,MZ664274
Orthoflavivirus wesselsbronense,EU707555
Orthoflavivirus loupingi,X86784
Hepacivirus vittatae,KC796077
Mykissvirus tructae,KX882061
Mykissvirus tructae,KX882062
Mykissvirus tructae,KX882063
Mykissvirus tructae,KX882064
Mykissvirus tructae,KX882065
Mykissvirus tructae,KX882066
Mykissvirus tructae,KX882067
Mykissvirus tructae,KX882068
Quaranjavirus chadense,MT774253
Quaranjavirus chadense,MT774254
Quaranjavirus chadense,MT774255
Quaranjavirus chadense,MT774256
Quaranjavirus chadense,MT774257
Quaranjavirus chadense,MT774258
Quaranjavirus chadense,MT774259
Asfivirus haemorrhagiae,AY261360
Asfivirus haemorrhagiae,AY261361
Kieseladnavirus ampcren,KY405008
Protobacilladnavirus snap,MH617734
Orthohepadnavirus hominoidei,D00220
Orthohepadnavirus rotundifolii,KC790377
Orthohepadnavirus myominrhinus,KY962683
Metahepadnavirus lepomi,KX058433
Orthohepadnavirus felisdomestici,MH307930
Bormycovirus duphytophthorae,PP891801
Bormycovirus duphytophthorae,PP891774
Yatapoxvirus tanapox,AJ293568
Avipoxvirus turkeypox,KP728110
Capripoxvirus lumpyskinpox,AF325528
Salmonpoxvirus gillpox,KT159937
Capripoxvirus sheeppox,AY077832
Circovirus gull,DQ845074
Cyclovirus vauval,MT766309
Palantirivirus imlardis,MK012455
Circovirus ratpenat,KJ641724
Cyclovirus popo,KJ641712
Ringilvirus ungol,MK738143
Vingilotevirus gamgee,MT293426
Chidisavirus niois,MT138064
Circovirus magu,MZ382570
Circovirus yaa,KU230452
Cyclovirus adie,HQ738643
Cyclovirus bashri,GQ404857
Circovirus tetning,MN164712
Cyclovirus risi,LC018134
Cyclovirus kemirgen,OM869613
Cyclovirus humana,KF726984
Cyclovirus tonbo,JX185424
Circovirus morcego,KJ641711
Circovirus goose,AJ304456
Felismacovirus porci8,MH111090
Porprismacovirus flas1,MH545525
Porprismacovirus bovas2,MF669478
Drosmacovirus bovas1,KT862224
Porprismacovirus porci1,JX274036
Porprismacovirus humas1,KT600068
Bovismacovirus bovas2,KT862222
Porprismacovirus envor1,MW679000
Porprismacovirus ratas1,KP860906
Felismacovirus porci6,MH111114
Porprismacovirus porci3,KC545227
Huchismacovirus humas3,KP233178
Felismacovirus porci1,MH111079
Bostasmacovirus bovas1,KT862229
Duamitovirus dapi1,BK010429
Unuamitovirus crri5,KT921183
Duamitovirus hulu1,BK010431
Triamitovirus gesu1,MN043682
Duamitovirus hean1,KJ873059
Unuamitovirus grab2,JN654496
Duamitovirus opno3b,AM087550
Unuamitovirus scsc4,JX401538
Unuamitovirus fuve1,MT506024
Duamitovirus rhce1,KM517201
Orthoquambivirus armillariae,BK014422
Orthotrimbivirus unheterobasidii,MZ502387
Orthocurvulavirus tabidi,KT733084
Orthocurvulavirus tabidi,MG596785
Betapartitivirus ceratocystis,AY260756
Betapartitivirus ceratocystis,AY260757
Betapartitivirus septemheterobasidion,JN606091
Betapartitivirus septemheterobasidion,JN606090
Alphapartitivirus tredecimheterobasidion,KF963179
Alphapartitivirus tredecimheterobasidion,KF963180
Alphapartitivirus betae,EU489061
Alphapartitivirus betae,EU489062
Betapartitivirus roselliniae,AB113347
Betapartitivirus roselliniae,AB113348
Betafusarivirus sinensis,MG554633
Betapartitivirus duoheterobasidion,KF551880
Alphahypovirus americanum,L29010
Betapartitivirus octiheterobasidion,JX625227
Betapartitivirus octiheterobasidion,JX625228
Alphapartitivirus tredecimheterobasidion,KF963181
Alphapartitivirus tredecimheterobasidion,KF963182
Betahypovirus cryphonectriae,AF188515
Betahypovirus sinensis,MG554632
Deltapartitivirus duobetae,HM560702
Deltapartitivirus duobetae,HM560703
Deltapartitivirus duobetae,HM560704
Betapartitivirus cannabis,JN196536
Betapartitivirus cannabis,JN196537
Alphafusarivirus rutstroemiae,MK279504
Alphahypovirus macrophominae,MT062425
Thetahypovirus sclerotii,MH037014
Orthobunyavirus keystoneense,KX817321
Orthobunyavirus keystoneense,KX817322
Orthobunyavirus keystoneense,KX817323
Orthohantavirus maporalense,EU788002
Orthohantavirus maporalense,AY363179
Orthohantavirus maporalense,AY267347
Pacuvirus chilibreense,MK330762
Pacuvirus chilibreense,MK330763
Pacuvirus chilibreense,MK330764
Orthobunyavirus guaratubaense,MK896557
Orthobunyavirus guaratubaense,MK896556
Orthobunyavirus guaratubaense,MK896555
Thottimvirus thottapalayamense,DQ825770
Thottimvirus thottapalayamense,DQ825771
Thottimvirus thottapalayamense,AY526097
Orthobunyavirus guamaense,KP792657
Orthobunyavirus guamaense,KP792656
Orthobunyavirus guamaense,KP792655
Orthobunyavirus buffaloense,KF234253
Orthobunyavirus buffaloense,KF234254
Orthobunyavirus buffaloense,KF234255
Orthobunyavirus oribocaense,KF254773
Orthobunyavirus oribocaense,KF254774
Orthobunyavirus oribocaense,KF254775
Orthobunyavirus sororocaense,JN572071
Orthobunyavirus sororocaense,JN572072
Orthobunyavirus sororocaense,JN572073
Orthobunyavirus tataguineense,KP792678
Orthobunyavirus tataguineense,KP792677
Orthobunyavirus tataguineense,KP792676
Orthobunyavirus kernense,MH484306
Orthobunyavirus kernense,MH484307
Orthobunyavirus kernense,MH484308
Orthotospovirus alstroemerinecrosis,MG696851
Orthotospovirus alstroemerinecrosis,MG696852
Orthotospovirus alstroemerinecrosis,MG696853
Orthobunyavirus lasmaloyasense,MK896545
Orthobunyavirus lasmaloyasense,MK896544
Orthobunyavirus lasmaloyasense,MK896543
Orthophasmavirus fushunense,MZ210010
Orthophasmavirus fushunense,MZ210011
Orthophasmavirus fushunense,MZ210012
Cicadellivirus scaphoidei,MN982386
Cicadellivirus scaphoidei,MN982384
Cicadellivirus scaphoidei,MN982385
Orthobunyavirus oyoense,HM639780
Orthobunyavirus oyoense,HM639779
Orthobunyavirus oyoense,HM639778
Orthohantavirus sinnombreense,L37902
Orthohantavirus sinnombreense,L37903
Orthohantavirus sinnombreense,L37904
Orthohantavirus rockportense,HM015221
Orthohantavirus rockportense,HM015219
Orthohantavirus rockportense,HM015223
Orthobunyavirus baakalense,MN092352
Orthobunyavirus baakalense,MN092353
Orthobunyavirus baakalense,MN092354
Orthobunyavirus barritaense,OP263038
Orthobunyavirus barritaense,OP263037
Orthobunyavirus barritaense,OP263036
Orthohantavirus prospectense,EF646763
Orthohantavirus prospectense,X55129
Orthohantavirus prospectense,Z49098
Orthobunyavirus maprikense,KJ481926
Orthobunyavirus maprikense,KJ481925
Orthobunyavirus maprikense,KJ481924
Orthobunyavirus bellavistaense,MK896629
Orthobunyavirus bellavistaense,MK896628
Orthobunyavirus bellavistaense,MK896627
Orthobunyavirus bataiense,JX846606
Orthobunyavirus bataiense,JX846605
Orthobunyavirus bataiense,JX846604
Emaravirus aceris,MT879190
Emaravirus aceris,MT879191
Emaravirus aceris,MT879192
Emaravirus aceris,MT879193
Emaravirus aceris,MT879194
Emaravirus aceris,MT879195
Orthobunyavirus wyeomyiae,JN572074
Orthobunyavirus wyeomyiae,JN572075
Orthobunyavirus wyeomyiae,JN572076
Orthobunyavirus olifantsvleiense,MW685514
Orthobunyavirus olifantsvleiense,MW685515
Orthobunyavirus olifantsvleiense,MW685516
Orthotospovirus fatsiae,LC626335
Orthotospovirus fatsiae,LC626336
Orthotospovirus fatsiae,LC626337
Orthobunyavirus saboense,HE795096
Orthobunyavirus saboense,HE795097
Orthobunyavirus saboense,HE795098
Orthobunyavirus oropoucheense,KF697142
Orthobunyavirus oropoucheense,KF697143
Orthobunyavirus oropoucheense,KF697144
Mobatvirus xuansonense,OQ466078
Mobatvirus xuansonense,OQ466086
Pacuvirus evaense,KM225257
Pacuvirus evaense,KM225258
Pacuvirus evaense,KM225259
Orthobunyavirus khatangaense,HQ734817
Orthobunyavirus khatangaense,HQ734821
Orthobunyavirus khatangaense,HQ734824
Orthobunyavirus maguariense,KY910429
Orthobunyavirus maguariense,KY910430
Orthobunyavirus maguariense,KY910431
Hymovirus chrysis,MW274743
Hymovirus chrysis,MW274744
Hymovirus chrysis,MW274745
Actinovirus halieutaeae,MG599943
Actinovirus halieutaeae,MG599944
Actinovirus halieutaeae,MG599945
Orthotospovirus melotessellati,KX698424
Orthotospovirus melotessellati,KX698423
Orthotospovirus melotessellati,KX698422
Lambavirus wisconsinense,MN119734
Lambavirus wisconsinense,MN119735
Lambavirus wisconsinense,MN119736
Orthobunyavirus jamestownense,EU789573
Orthobunyavirus jamestownense,U88059
Orthobunyavirus jamestownense,U47137
Tormycovirus unplasmoparae,OM272935
Tormycovirus unplasmoparae,OM272936
Begomovirus ageravenae,AB306314
Begomovirus eupatorii,AB079766
Grablovirus vitis,JQ901105
Begomovirus solanumdelhisecundi,JQ897969
Gemykolovirus heris1,MH939374
Begomovirus manihotisindianense,Z24758
Begomovirus manihotisindianense,Z24759
Begomovirus sidaureivenae,U77964
Gemykibivirus giapa1,MF327571
Gemycircularvirus opunt1,MK947372
Begomovirus eupatorii,AJ438936
Gemycircularvirus porci1,KT862250
Begomovirus solanumflavusthailandense,AY514632
Begomovirus cucurbitatenuis,AF421552
Begomovirus cucurbitatenuis,AF421553
Begomovirus solanumjoydebpurense,HM991146
Gemycircularvirus gopha1,MK570217
Begomovirus capsicumhuastecoense,X70418
Begomovirus capsicumhuastecoense,X70419
Begomovirus triumfettae,KU131588
Begomovirus triumfettae,KU131589
Begomovirus solanumseveri,JN680352
Mastrevirus dilatati,JQ948061
Begomovirus solanumugandaense,DQ127170
Mastrevirus erythrodiplaxis,JX458740
Mastrevirus flavi,JN989439
Curtovirus betae,AY548948
Begomovirus hyptidis,ON073795
Begomovirus hyptidis,ON073796
Gemycircularvirus denbre2,MG571098
Begomovirus sidaflavalagoense,JX871383
Aguamentivirus racskinis,MK012475
Begomovirus phaseovulgaris,KX011473
Begomovirus phaseovulgaris,KX011474
Gemytondvirus ostri1,KF371630
Begomovirus solanumflavusmarginis,AY508993
Begomovirus solanumflavusmarginis,AY508994
Gemykolovirus gopha2,MK570213
Begomovirus papayae,HM140367
Begomovirus solanumhainanense,KF150142
Begomovirus ageravenae,AF307861
Gemykibivirus cowchi1,MF669480
Begomovirus solanumflavuskanchanaburiense,AF511529
Begomovirus solanumflavuskanchanaburiense,AF511528
Begomovirus solanumaureimaculae,KC626021
Begomovirus euphorbiaflavi,KT159766
Gemykolovirus citas1,MN708482
Begomovirus centrosemae,JN419002
Begomovirus ipomoeae,HQ333138
Turncurtovirus brassicae,KC108905
Gemycircularvirus termi1,MG917675
Begomovirus diclipterae,AF139168
Begomovirus diclipterae,AF170101
Begomovirus solanummaliense,AY502936
Begomovirus ipomoeachinaense,DQ512731
Begomovirus sidaureivariati,GU997691
Begomovirus sidaureivariati,GU997692
Begomovirus coheni,GU076442
Gemycircularvirus haeme1,MK249235
Begomovirus asystasiatertii,KT444609
Begomovirus asystasiatertii,KT444610
Gemygorvirus cania1,KT862254
Begomovirus solanumflavusyunnanense,KC686705
Begomovirus gossypikokranense,GU385879
Begomovirus jatrophanigeriaense,JX025358
Begomovirus diclipteracubaense,AJ549960
Mastrevirus urochloareunionense,OQ451139
Begomovirus rhynchosiarugosi,HM236370
Begomovirus rhynchosiarugosi,HM236371
Begomovirus spinaciae,KF660223
Gemykroznavirus zizan1,MN823671
Begomovirus macrotylomae,AJ542540
Gemykrogvirus galga2,KY056250
Begomovirus euphorbiaperuense,AM886131
Gemycircularvirus poass1,KT253577
Welwivirus mirabilis,BK061150
Begomovirus solanumflavusvietnamense,DQ641697
Begomovirus solanumlapazense,AY339618
Gemycircularvirus bovas1,KT862253
Begomovirus phaseolialbi,JN848772
Begomovirus phaseolialbi,JQ283246
Begomovirus rhynchosiae,FJ944019
Begomovirus rhynchosiae,FJ944020
Mastrevirus panici,EU224264
Begomovirus manihotisindianense,GQ924760
Begomovirus manihotisindianense,GQ924761
Begomovirus costai,M88686
Begomovirus costai,M88687
Begomovirus solanumanjouanense,AM701758
Begomovirus solanumflavusaxarquiaense,EU734831
Gemygorvirus hydro1,MK483078
Begomovirus bemisiaquarti,KT099128
Begomovirus sidaureimaculae,KX348185
Begomovirus solanumtortilis,MK440292
Begomovirus mestae,EU360303
Begomovirus jacquemontiavenae,KY617094
Begomovirus jacquemontiavenae,KY617095
Begomovirus ipomoeahubeiense,MH577011
Gemycircularvirus ptero1,KT732804
Begomovirus vignaradiatae,D14703
Begomovirus vignaradiatae,D14704
Begomovirus manihotisindianense,AJ575819
Begomovirus chillicapsici,GU136803
Begomovirus gossypiflavi,KU683748
Begomovirus gossypiflavi,KU683750
Begomovirus solanumtumoris,KP195260
Gemycircularvirus ptero4,KT732814
Mastrevirus cicerparvi,FR687959
Begomovirus manihotis,J02057
Begomovirus manihotis,J02058
Gemycircularvirus cassa1,JQ412056
Begomovirus agerainvolutionis,AJ851005
Begomovirus solanumghanaense,EU350585
Begomovirus solanumflavusguangdongense,AY602166
Mastrevirus storeyi,EU628638
Curtovirus betae,M24597
Begomovirus solanumjavaense,AB162141
Mastrevirus oryzasecundi,KY962381
Begomovirus phaseoli,KX857725
Begomovirus phaseoli,KX857726
Begomovirus solanumdelhiquarti,KF551592
Begomovirus gossypigeziraense,FM210276
Curtovirus betae,U56975
Gemycircularvirus mouti5,MK032753
Capulavirus plantagonis,KT214389
Insevirus jyuroku,MN745083
Spicivirus jyu,MW227222
Fusagravirus jyuni,LC333734
Victorivirus nijyushi,LC150610
Spicivirus hachi,MN982381
Ootivirus shichi,LC622069
Quadrivirus sani,OK077750
Quadrivirus sani,OK077751
Quadrivirus sani,OK077752
Quadrivirus sani,OK077753
Fusagravirus sani,JN603241
Botybirnavirus kyu,MN627274
Botybirnavirus kyu,MN627275
Monocitivirus ichi,U01059
Victorivirus jyuni,HE588147
Leishmaniavirus roku,MG967341
Alphachrysovirus penicillii,MK214380
Alphachrysovirus penicillii,MK214381
Alphachrysovirus penicillii,MK214382
Alphachrysovirus penicillii,MK214383
Victorivirus jyushi,KJ101566
Fusagravirus jyuichi,KX821737
Totivirus jyusani,LC075492
Betachrysovirus magnaporthis,AB824667
Betachrysovirus magnaporthis,AB824668
Betachrysovirus magnaporthis,AB824669
Betachrysovirus magnaporthis,AB824670
Betachrysovirus magnaporthis,AB824671
Victorivirus nijyuroku,MK787250
Spicivirus ni,GU979420
Quadrivirus ichi,AB771723
Victorivirus jyuroku,KJ364649
Insevirus shi,KX882942
Peronelivirus palaeminteris,KR528551
Proteusivirus raitis,MH617435
Dorisivirus aiptaes,KR528545
Styxivirus ecklonis,MG740721
Persevirus pargotis,MH649214
Phlebovirus ticoense,MK524345
Phlebovirus ticoense,MK524346
Phlebovirus ticoense,MK524347
Shilevirus otongatchiense,KX451144
Shilevirus otongatchiense,KX683300
Shilevirus otongatchiense,KX451145
Wumivirus millepedae,KM817696
Wumivirus millepedae,KX650645
Wumivirus millepedae,KM817757
Pidchovirus stethori,MT153420
Pidchovirus stethori,MT153468
Pidchovirus stethori,MT153384
Coguvirus henanense,MW842781
Coguvirus henanense,MW751425
Hudivirus muscae,KX884809
Hudivirus muscae,KX884810
Hudivirus muscae,KX884811
Uukuvirus toyoense,LC618931
Uukuvirus toyoense,LC618932
Uukuvirus toyoense,LC618933
Mobuvirus narangueense,MN661012
Mobuvirus narangueense,MN661014
Mobuvirus narangueense,MN661013
Phlebovirus duraniaense,HM566155
Phlebovirus duraniaense,HM566157
Phlebovirus duraniaense,HM566156
Striwavirus sanxiaense,KM817674
Striwavirus sanxiaense,KM817711
Striwavirus sanxiaense,KM817737
Orthonairovirus keterehense,KP792741
Orthonairovirus keterehense,KP792742
Orthonairovirus keterehense,KP792743
Mammarenavirus bearense,AY924390
Mammarenavirus bearense,AY924391
Orthonairovirus erveense,JF911697
Orthonairovirus erveense,JF911698
Orthonairovirus erveense,JF911699
Orthonairovirus thiaforaense,KR537450
Orthonairovirus thiaforaense,KR537451
Orthonairovirus thiaforaense,KR537452
Bocivirus trichodermae,OQ513277
Bocivirus trichodermae,OQ513278
Bocivirus trichodermae,OQ513279
Mammarenavirus whitewaterense,EU938663
Mammarenavirus whitewaterense,EF619034
Phlebovirus ixcanalense,HM566162
Phlebovirus ixcanalense,HM566163
Phlebovirus ixcanalense,HM566161
Orthonairovirus yezoense,LC621355
Orthonairovirus yezoense,LC621356
Orthonairovirus yezoense,LC621357
Coguvirus eburi,MG764565
Coguvirus eburi,MG764566
Phlebovirus adanaense,KJ939330
Phlebovirus adanaense,KJ939331
Phlebovirus adanaense,KJ939332
Mammarenavirus ryukyuense,KM020190
Mammarenavirus ryukyuense,KM020191
Reptarenavirus commune,KX527582
Reptarenavirus commune,KX527575
Mammarenavirus gairoense,KJ855307
Mammarenavirus gairoense,KJ855308
Phlebovirus pantanalense,MF289183
Phlebovirus pantanalense,MF289182
Phlebovirus chagresense,HM566147
Phlebovirus chagresense,HM566146
Phlebovirus chagresense,HM566148
Rubodvirus prosserense,MF062139
Rubodvirus prosserense,MF062142
Rubodvirus prosserense,MF062143
Rubodvirus prosserense,MF062140
Rubodvirus prosserense,MF062141
Mammarenavirus lunaense,AB586645
Mammarenavirus lunaense,AB586644
Orthonairovirus abuminaense,KU925437
Orthonairovirus abuminaense,KU925438
Orthonairovirus abuminaense,KU925439
Phlebovirus mukawaense,LC063770
Phlebovirus mukawaense,LC063768
Phlebovirus mukawaense,LC063769
Phlebovirus zerdaliense,KP966616
Phlebovirus zerdaliense,KP966617
Phlebovirus zerdaliense,KP966618
Phlebovirus puniqueense,JF920133
Phlebovirus puniqueense,JF920134
Phlebovirus puniqueense,JF920135
Mechlorovirus ramuense,KR094115
Mechlorovirus ramuense,KR094116
Mechlorovirus ramuense,KR698381
Mechlorovirus ramuense,KR094117
Mechlorovirus ramuense,KR094118
Mechlorovirus ramuense,KR094119
Phlebovirus niqueense,HM119425
Phlebovirus niqueense,HM119426
Phlebovirus niqueense,HM119427
Tenuivirus festucae,MW678790
Tenuivirus festucae,MW678791
Tenuivirus festucae,MW678792
Tenuivirus festucae,MW678793
Mammarenavirus whitewaterense,EU938665
Mammarenavirus whitewaterense,EF619035
Rubivirus strelense,MN552442
Rubivirus rubellae,M15240
Paslahepevirus balayani,KX578717
Rocahepevirus ratti,GU345042
Lymphocryptovirus callitrichinegamma3,AF319782
Rhadinovirus cricetidgamma2,HQ221963
Simplexvirus pteropodidalpha2,LC492974
Simplexvirus macropodidalpha4,MT900474
Macavirus ovinegamma2,AY839756
Simplexvirus leporidalpha4,JQ596859
Quwivirus caviidbeta2,KC503762
Salmovirus salmonidallo2,EU349274
Lymphocryptovirus macacinegamma13,MG471437
Mardivirus columbidalpha1,KX589235
Proboscivirus elephantidbeta4,KT832477
Muromegalovirus muridbeta1,GU305914
Lymphocryptovirus gorillinegamma1,AJ581752
Tethysvirus hollandense,KC662249
Moumouvirus moumou,JX962719
Rochuvirus chalcocoris,BK061671
Scarabeuvirus trichopriae,BK061670
Ollusvirus culvertonense,MN167499
Scarabeuvirus lampyris,MH620818
Scarabeuvirus lampyris,MH620819
Culicidavirus culicis,MH188036
Tetricillivirus motavenis,MT181546
Strenuusivirus lasamoense,MH648972
Volantivirus zuncris,MT263655
Potensivirus flowis,KY487854
Mordaxivirus sitoranense,MW202764
Citataivirus sanlemaris,JX904407
Alphabaculovirus capomonae,KU565883
Betabaculovirus trini,KU752557
Gammanudivirus pemonodonis,KJ184318
Betabaculovirus maphaseoli,MT844067
Betabaculovirus cryleucotretae,AY229987
Betabaculovirus molatipedis,KR011718
Alphabaculovirus lafiscellariae,KP752043
Muscavirus musdomesticae,EU522111
Alphabaculovirus altermyunipunctae,MH124167
Alphabaculovirus hycuneae,AP009046
Alphabaculovirus wisignatae,AF016916
Betabaculovirus clanachoretae,HQ116624
Avoomyvirus tavemmaltae,MW046538
Avoomyvirus mocensis,MW046453
Avoomyvirus chiwundudzae,MW046457
Blunervirus camelliae,MG781152
Blunervirus camelliae,MG781153
Blunervirus camelliae,MG781154
Blunervirus camelliae,MG781155
Ilarvirus FCILV,AY682102
Ilarvirus FCILV,AY707771
Ilarvirus FCILV,AY707772
Alphaendornavirus erysiphes,KT388110
Crinivirus pseudobetae,AY330918
Crinivirus pseudobetae,AY330919
Alphavirus trocara,AF252265
Cucumovirus TAV,D10044
Cucumovirus TAV,D10663
Cucumovirus TAV,AJ277268
Alphavirus sindbis,HM147984
Alphavirus mayaro,AF237947
Alphavirus madariaga,EF151503
Bromovirus SVS,MF688613
Bromovirus SVS,MF688614
Bromovirus SVS,MF688615
Ampelovirus venarubi,KC904540
Ilarvirus ToNSV,MH780154
Ilarvirus ToNSV,MH780155
Ilarvirus ToNSV,MH780156
Alphavirus una,U94603
Alphavirus madariaga,DQ241303
Alphavirus middelburg,KM115530
Alphaendornavirus fuphaseoli,KT456288
Betaendornavirus alternariae,KP239989
Alphavirus venezuelan,U34999
Alphaendornavirus rhizocerealis,KF311065
Alphaendornavirus miphaseoli,MG242064
Blunervirus vaccinii,JN651148
Blunervirus vaccinii,JN651149
Blunervirus vaccinii,JN651150
Blunervirus vaccinii,JN651151
Cilevirus ligustri,OK626447
Cilevirus ligustri,OK626448
Ampelovirus pruni,EF546442
Anulavirus GLPV,MT319109
Anulavirus GLPV,MT319110
Anulavirus GLPV,MT319111
Tobamovirus cucumeris,AB261167
Menthavirus menthae,KJ572575
Betacytorhabdovirus leucadendri,BK064323
Morbillivirus canis,AF014953
Orthoebolavirus restonense,AF522874
Parajeilongvirus rhinolophi,MZ328290
Synelinevirus paranaense,MH213246
Botrytimonavirus alphabotrytidis,MT646378
Narmovirus mossmanense,AY286409
Peropuvirus melongenae,MN831436
Sclerotimonavirus sclerotiniae,KJ186782
Jeilongvirus ratti,OM030338
Orthorubulavirus suis,BK005918
Amplylivirus cinereus,MK473367
Metaavulavirus delawarense,FJ215863
Ledantevirus nkolbisson,KM205017
Gammacytorhabdovirus silenis,BK064360
Alphacytorhabdovirus brassicicolae,KY810772
Parahenipavirus jingmenense,OM030314
Alpharicinrhavirus skanevik,MF141072
Pelmivirus eymattense,MW288226
Peropuvirus juli,KX884446
Alphacytorhabdovirus alphaartemisiae,BK064263
Jeilongvirus gueckedouense,OK623363
Sigmavirus shayang,KM817635
Parahenipavirus crocidurae,OM030317
Parajeilongvirus madagascarense,MG203878
Artemvirus bsasecalis,OL472404
Jeilongvirus sichuanense,OQ236153
Tibrovirus coastal,GQ294473
Jeilongvirus meliandouense,OK623364
Alphahymrhavirus hirtum,MT153372
Jeilongvirus lishuiense,MZ328280
Betacytorhabdovirus betaturbaesoli,BK064331
Socyvirus heteroderae,HM849038
Betacytorhabdovirus alphabetulae,BK064307
Metaavulavirus tennessense,FJ231524
Alphagymnorhavirus abietis,BK061731
Pararubulavirus eidoli,MT062420
Alphacytorhabdovirus hyptisis,ON073823
Hubramonavirus terrae,MN034260
Hapavirus parry,KM204988
Varicosavirus leucanthemi,BK061774
Varicosavirus leucanthemi,BK061775
Alphaplatrhavirus dendriticum,OP627658
Sunrhavirus sandjimba,MW491754
Vesiculovirus yinshui,MN607594
Alphaplatrhavirus turkestanicum,BK059758
Alphacytorhabdovirus betarubi,BK064297
Orthobornavirus iridiscincum,PP711183
Tapjovirus bothropis,BR001752
Lyssavirus khujand,EF614261
Respirovirus henanense,OK044775
Betahymrhavirus austriaca,MW314717
Alphacytorhabdovirus alphaprimulae,BK064294
Varicosavirus penniseti,BK061790
Varicosavirus penniseti,BK061791
Narmovirus ninovense,OK623359
Molauvirus liaoningense,MZ210030
Alphacytorhabdovirus glehniae,BK014304
Ephemerovirus adelaide,JN935380
Vesiculovirus mediterranean,MW557336
Auricularimonavirus auriculariae,MT259204
Betanucleorhabdovirus medicagonis,MG948563
Alpharicinrhavirus huangpi,KM817630
Ledantevirus kolente,KC984953
Berhavirus betagirardiae,BK059720
Jeilongvirus praomysis,OK623362
Almendravirus xiangshan,OK491499
Respirovirus laryngotracheitidis,AF457102
Orthobornavirus alphapsittaciforme,EU781967
Alphacytorhabdovirus pelargonii,BK064285
Sripuvirus almpiwar,KJ399977
Alphagymnorhavirus sciadopitysis,BK061804
Orthobornavirus sciuri,LN713680
Alphacytorhabdovirus rosae,BK064296
Sripuvirus sripur,KM205023
Narmovirus narivaense,FJ362497
Alphanucleorhabdovirus tritici,MG604920
Cultervirus hemicultri,MG599939
Alphanucleorhabdovirus maydis,AY618418
Alphacytorhabdovirus lactumaculante,EF687738
Alphanemrhavirus xinzhou,KX884462
Sigmavirus yushu,MW826525
Vesiculovirus newjersey,JX121109
Respirovirus ratufae,LS992584
Triniovirus yonagoense,LC514055
Formivirus angliae,MH477287
Ledantevirus kumasi,KJ179955
Alpharicinrhavirus qinghai,ON746530
Phyllomonavirus culicis,OL700132
Narmovirus meliandouense,OK623365
Almendravirus menghai,KX785335
Alphacytorhabdovirus lactucanecante,AJ867584
Formivirus chalybii,MT153386
Parahenipavirus meliandouense,OK623353
Betahymrhavirus xiangshan,OK491502
Curiovirus curionopolis,KM204994
Sunrhavirus boteke,MW491753
Alphapaprhavirus pararge,KR822826
Orthobornavirus serini,KC464471
Cybitervirus niederense,MT153516
Babuvirus abacae,EF546806
Babuvirus abacae,EF546805
Babuvirus abacae,EF546802
Babuvirus abacae,EF546807
Babuvirus abacae,EF546804
Babuvirus abacae,EF546803
Manawavirus kapowais,KF738885
Babuvirus musae,DQ826395
Babuvirus musae,DQ826394
Babuvirus musae,DQ826396
Babuvirus musae,DQ826390
Babuvirus musae,DQ826393
Babuvirus musae,DQ826391
Sertovirus cona,MN161561
Infratovirus hubeiense,KX883638
Deltacoronavirus gallinulae,JQ065049
Betaarterivirus timiclar,KY369967
Alphapironavirus salmonis,MK611985
Betacoronavirus pandemicum,MN908947
Betacoronavirus muris,AY700211
Deltacoronavirus marecae,JQ065048
Alphacoronavirus chicagoense,JX503061
Gammacoronavirus brantae,MK359255
Alphacoronavirus sunci,KY967715
Epsilonarterivirus hemcep,KM677927
Alphacoronavirus miniopteri,EU420139
Betanodavirus pseudocarangis,AJ698113
Alphanodavirus heteronychi,X02396
Alphanodavirus heteronychi,X00956
Clavivirus agrivivens,CASDWV010002813
Thurlavirus geocola,CASDWV010000447
Birfovirus dinebrivivens,OM514450
Wahrwivirus nemorisadaptatum,MZ679707
Mohredovirus limivivens,CASDWV010000790
Fagihyuvirus humenecus,CASDWV010002712
Kungsnevirus chthonadaptatum,CASDWV010002045
Andhaxevirus segetadaptatum,CASDWV010003671
Yuhrihovirus faecenecus,MZ679708
Mihkrovirus neopelenecus,CASDWV010001593
Kongskuvirus solivivens,CASDWV010001499
Hysdruvirus segetadaptatum,CASDWV010001412
Andhaxevirus lutadaptatum,CASDWV010004161
Shihovirus paspalenecus,OM514496
Andhaxevirus messicola,CASDWV010003028
Mihkrovirus arvenecus,CASDWV010002516
Chadwivirus limadaptatum,CASDWV010002031
Shodtevirus pelocola,CASDWV010002553
Oxychlovirus pelocola,CASDWV010000125
Wohtovirus humenecus,CASDWV010001303
Blinduvirus geohabitans,CASDWV010001531
Blinduvirus lutivivens,CASDWV010001462
Lyejrivirus pedohabitans,CASDWV010001567
Cahtebovirus agrenecus,CASDWV010000964
Jupbevirus lutivivens,CASDWV010003302
Lohngkovirus lutivivens,CASDWV010004097
Phobpsivirus neoagradaptatum,CASDWV010001350
Cahwstovirus pedadaptatum,CASDWV010004195
Redbauvirus radicihabitans,CASDWV010002303
Stehlmavirus terrenecus,CASDWV010003634
Luthavirus dinebrihabitans,OM514474
Vohsuavirus segeticola,CASDWV010004833
Cahdavirus limivicinum,CASDWV010001861
Flehknovirus faecenecus,MZ679801
Mehrevirus radicivivens,CASDWV010000574
Vohsuavirus edaphocola,CASDWV010000016
Grandpovirus leersiivivens,OM514486
Prosdovirus pedohabitans,CASDWV010000716
Stanolovirus chorovicinum,CASDWV010002988
Pohlevirus edaphenecus,CASDWV010004379
Mitdiwavirus allofaecihabitans,MZ679771
Koteshevirus limivivens,CASDWV010002269
Radbaivirus arvicola,CASDWV010003791
Pihngevirus radicihabitans,CASDWV010004475
Merlkluvirus terricola,CASDWV010000448
Braholevirus asiovicinum,CASDWV010000679
Templevirus tellurivivens,CASDWV010003844
Nehwtovirus terricola,CASDWV010002070
Cahdavirus asiohabitans,CASDWV010001409
Lyejrivirus terradaptatum,CASDWV010001355
Mihkrovirus agrivivens,CASDWV010000677
Buckevirus pedocola,CASDWV010001300
Mihkrovirus radicivivens,CASDWV010002196
Longmavirus cypericola,OM514540
Kungsnevirus edaphohabitans,CASDWV010003556
Chahsmivirus pedenecus,CASDWV010003917
Vohsuavirus pedocola,CASDWV010003772
Mitdiwavirus allofaecicola,MZ679774
Shestuvirus radicicola,CASDWV010002711
Mihkrovirus choradaptatum,CASDWV010003626
Fenycovirus faecenecus,MZ679633
Vohsuavirus humihabitans,CASDWV010002559
Phobpsivirus pedadaptatum,CASDWV010002785
Ludtovirus pedovicinum,CASDWV010001331
Dosmizivirus terrenecus,CASDWV010002447
Cunavirus faecicola,MZ679821
Mincetevirus pelocola,CASDWV010002861
Vohsuavirus solihabitans,CASDWV010001406
Merlkluvirus pelovicinum,CASDWV010003051
Yeshinuvirus geovicinum,CASDWV010004429
Batdovirus faecadaptatum,MZ679619
Chahsmivirus humivicinum,CASDWV010001720
Mutledovirus caenadaptatum,CASDWV010001955
Kinolwovirus messenecus,CASDWV010000566
Stritovirus caenicola,CASDWV010001518
Bramcovirus asienecus,CASDWV010001469
Overwhuvirus caenihabitans,CASDWV010000002
Northevirus chthonadaptatum,CASDWV010001312
Pseudovirus duosaccharomycetis,X03840
Simiispumavirus maccyc,X54482
Badnavirus tessellotheobromae,KX276640
Badnavirus fatsiae,OM540428
Pseudovirus australiense,D85597
Pseudovirus glycinis,U96748
Simiispumavirus saisci,GU356394
Lentivirus bovimdef,M32690
Badnavirus decoloratiovitis,HG940503
Simiispumavirus macfus,AB923518
Gammaretrovirus Hamursar,J02207
Caulimovirus glycinis,JQ926983
Sirevirus maydis,U41000
Dioscovirus dioscoreae,MG944237
Metavirus lilii,X13886
Soymovirus crispocestri,AF364175
Simiispumavirus caljac,GU356395
Badnavirus gammadioscoreae,KY827394
Metavirus duoschizosaccharomycetis,L10324
Metavirus athilai,AC007209 (8571.22122)
Badnavirus volubetulae,MG686419
Vaccinivirus cadovaccinii,KT148886
Betaretrovirus murmamtum,AF033807
Badnavirus venazanthoxyli,MK371353
Rhizoulivirus betarhizoctoniae,MK372907
Magoulivirus colletotrichi,MK542706
Penoulivirus oryzae,MK507958
Botoulivirus gammabotrytidis,MN605478
Betabotoulivirus phaeoacremonium,MK584848
Epsilonscleroulivirus alphaoryzae,MN971592
Magoulivirus betabotrytidis,MN605473
Betabotoulivirus betaplasmoparae,MN532589
Magoulivirus alphaoxyspori,MT551010
Penoulivirus sclerotiniae,MN605475
Botoulivirus alphasclerotiniae,KP900929
Betascleroulivirus kappaplasmoparae,MN532635
Penoulivirus macrophominae,MT062431
Magoulivirus jiplasmoparae,MN532613
Betabotoulivirus gammaplasmoparae,MN532591
Botoulivirus kappabotrytidis,OK634396
Potyvirus cepae,AJ510223
Potyvirus hiemalisdaphnis,KU556609
Potyvirus helitessellati,AF465545
Potyvirus chichorii,KU941946
Potyvirus gladioli,KU981083
Roymovirus passifloralatentis,MH379332
Bymovirus oryzae,LC055681
Bymovirus oryzae,LC060925
Rymovirus hordei,AY623627
Potyvirus capsivenamaculae,AJ237843
Potyvirus thevetiae,OM263475
Potyvirus nicotianainsculpentis,M11458
Potyvirus yililii,MF543013
Potyvirus caryae,KT633868
Potyvirus fountaingrassi,MT790493
Potyvirus betaci,KM523548
Potyvirus yituberosi,X97895
Potyvirus capsiseverum,AM181350
Potyvirus batatamaculae,U61228
Potyvirus torvi,DQ851495
Potyvirus hardenbergiae,HQ161081
Potyvirus helitenuitessellati,JQ350738
Potyvirus muricati,AJ437279
Potyvirus dioscoreae,MH206616
Potyvirus alstromeriae,AB158522
Potyvirus basellae,DQ821938
Ipomovirus lycopersici,HQ840786
Potyvirus spiranthesis,AY685218
Chaphamaparvovirus psittacine1,MN175613
Aveparvovirus psittacine1,MW046460
Protoparvovirus chiropteran1,LC085675
Dependoparvovirus anseriform4,KX583629
Protoparvovirus eulipotyphla1,AB937988
Chaphamaparvovirus anseriform1,MT247758
Chaphamaparvovirus gruiform1,KY312548
Aveparvovirus columbid1,KC876004
Chaphamaparvovirus carnivoran1,MH893826
Bocaparvovirus carnivoran3,JQ692585
Protoparvovirus rodent1,J02275
Aquambidensovirus asteroid19,MT733043
Hemiambidensovirus hemipteran2,AY148187
Bocaparvovirus ungulate5,JF429834
Dependoparvovirus psittacine1,OQ101836
Scindoambidensovirus orthopteran1,HQ827781
Bocaparvovirus primate1,JQ923422
Copiparvovirus ungulate2,GQ387499
Protoparvovirus carnivoran6,OQ198137
Dependoparvovirus chiropteran2,MG745677
Protoambidensovirus dipteran1,FJ810126
Chaphamaparvovirus galliform3,OM469121
Chaphamaparvovirus anseriform2,MT247759
Tetuambidensovirus trombidiform1,MK543949
Enterovirus fitauri,DQ092794
Sogarnavirus culleyi,EF198241
Lagovirus europaeus,Z69620
Waikavirus rosae,MT757670
Nepovirus chromusivum,X15346
Nepovirus chromusivum,X15163
Nepovirus anatoliense,HE774604
Nepovirus anatoliense,AY291207
Cardiovirus rueckerti,JX257003
Cardiovirus saffoldi,FJ463615
Torradovirus manihotis,OK040225
Torradovirus manihotis,OK040226
Enterovirus betacoxsackie,JF416928
Enterovirus betacoxsackie,JF416931
Enterovirus betacoxsackie,JF416934
Enterovirus betacoxsackie,JF416937
Salisharnavirus britensis,MH171300
Enterovirus cerhino,KF958311
Enterovirus alphacoxsackie,LK021688
Enterovirus geswini,KT265941
Potamipivirus aconstanci,KC843627
Enterovirus betacoxsackie,AY302541
Iflavirus nilalugentis,AB766259
Megrivirus aturhepa,KY369299
Enterovirus alpharhino,FJ445135
Boosepivirus ceovis,LR216006
Enterovirus cerhino,HM236954
Kobuvirus aichi,KY432931
Enterovirus alpharhino,DQ473510
Enterovirus betarhino,DQ473487
Enterovirus alpharhino,AY751783
Locarnavirus greningerii,JN661160
Cardiovirus theileri,M16020
Comovirus rapae,GQ222381
Comovirus rapae,GQ222382
Fipivirus crosso,MG600095
Enterovirus betacoxsackie,AY843297
Nepovirus fontinalis,OX380383
Nepovirus fontinalis,OX380442
Comovirus fabae,GU810903
Comovirus fabae,GU810904
Sadwavirus chysanthemi,OR413567
Sadwavirus chysanthemi,OR413568
Sadwavirus aciphyllae,MN412739
Sadwavirus aciphyllae,MN412740
Waikavirus mertensiae,BK062991
Tremovirus aetremori,AJ225173
Enterovirus alpharhino,DQ473512
Enterovirus betacoxsackie,AY302555
Enterovirus coxsackiepol,AF499642
Aphthovirus reedi,KY432299
Enterovirus cerhino,GQ223227
Norovirus norwalkense,AJ844470
Torradovirus physalis,MZ357183
Torradovirus physalis,MZ357184
Enterovirus cerhino,KP890662
Fabavirus betavitis,OR947508
Fabavirus betavitis,OR947509
Parechovirus ahumpari,FJ373179
Enterovirus alpharhino,FJ445149
Sequivirus stellatum,MT348706
Orivirus aoroshaza,KM203656
Sadwavirus alphananas,MN809923
Sadwavirus alphananas,MN809924
Enterovirus alpharhino,FJ445143
Enterovirus geswini,JN807387
Nepovirus oleae,AJ277435
Enterovirus alpharhino,EF173415
Nepovirus betae,D00322
Nepovirus betae,X04062
Bacillarnavirus yujii,AB469874
Enterovirus betacoxsackie,AY302558
Mischivirus beminio,KP054273
Enterovirus alpharhino,DQ473509
Hunnivirus amagyari,JQ941880
Kunsagivirus bacameba,KX644936
Kunsagivirus agrepla,KC935379
Enterovirus hesimi,AF326759
Enterovirus coxsackiepol,AF499640
Enterovirus betarhino,EF173420
Comovirus cucurbitae,AB054688
Comovirus cucurbitae,AB054689
Enterovirus betacoxsackie,AY843305
Dicipivirus berinro,MF188967
Waikavirus ribesnigri,MN701059
Enterovirus alphacoxsackie,KU355876
Megrivirus chigalli,KF961186
Enterovirus betacoxsackie,M88483
Enterovirus alpharhino,FJ445116
Enterovirus alpharhino,DQ473491
Enterovirus jesimi,JX537981
Nepovirus glycinis,KX424571
Nepovirus glycinis,KX424572
Cardiovirus saffoldi,FJ463617
Enterovirus cerhino,JF519762
Aphthovirus vesiculae,AY593752
Enterovirus coxsackiepol,K01392
Nepovirus cynarae,AM087671
Passerivirus ahokothi,GU182406
Iflavirus apistardum,EU035616
Enterovirus coxsackiepol,KC344833
Enterovirus alpharhino,FJ445120
Cardiovirus rueckerti,M81861
Mischivirus acombewi,JQ814851
Parechovirus ahumpari,JX219568
Enterovirus cerhino,JF317015
Alphacedratvirus brasiliense,LT994651
Daphniairidovirus daphnia1,LS484712
Ranavirus rana1,KP266742
Ranavirus perca1,KT989885
Alphacedratvirus rossiense,OQ413581
Ranavirus rana1,EU627010
Chloriridovirus simulium1,HF920636
Torbevirus brisa,MK059759
Torbevirus brisa,MH973742
Coltivirus ixodis,AF282467
Coltivirus ixodis,AF282468
Coltivirus ixodis,AF282469
Coltivirus ixodis,AF282470
Coltivirus ixodis,AF282471
Coltivirus ixodis,AF282472
Coltivirus ixodis,AF282473
Coltivirus ixodis,AF282474
Coltivirus ixodis,AF282475
Coltivirus ixodis,AF282476
Coltivirus ixodis,AF282477
Coltivirus ixodis,AF282478
Rotavirus lambdagastroenteritidis,OM101015
Rotavirus lambdagastroenteritidis,OM101016
Rotavirus lambdagastroenteritidis,OM101017
Rotavirus lambdagastroenteritidis,OM101018
Rotavirus lambdagastroenteritidis,OM101019
Rotavirus lambdagastroenteritidis,OM101020
Rotavirus lambdagastroenteritidis,OM101021
Rotavirus lambdagastroenteritidis,OM101022
Rotavirus lambdagastroenteritidis,OM101023
Rotavirus lambdagastroenteritidis,OM101024
Rotavirus lambdagastroenteritidis,OM101025
Orthoreovirus mammalis,HM159613
Orthoreovirus mammalis,HM159614
Orthoreovirus mammalis,HM159615
Orthoreovirus mammalis,HM159616
Orthoreovirus mammalis,HM159617
Orthoreovirus mammalis,HM159618
Orthoreovirus mammalis,HM159619
Orthoreovirus mammalis,HM159620
Orthoreovirus mammalis,HM159621
Orthoreovirus mammalis,HM159622
Orbivirus changuinolaense,KF624614
Orbivirus changuinolaense,KF624615
Orbivirus changuinolaense,KF624616
Orbivirus changuinolaense,KF624617
Orbivirus changuinolaense,KF624618
Orbivirus changuinolaense,KF624619
Orbivirus changuinolaense,KF624620
Orbivirus changuinolaense,KF624621
Orbivirus changuinolaense,KF624622
Orbivirus changuinolaense,KF624623
Orbivirus alphaequi,U94887
Orbivirus alphaequi,AF021235
Orbivirus alphaequi,M94681
Orbivirus alphaequi,D14402
Orbivirus alphaequi,U73658
Orbivirus alphaequi,M94682
Orbivirus alphaequi,D12533
Orbivirus alphaequi,M69090
Orbivirus alphaequi,U33000
Orbivirus alphaequi,D12479
Cardoreovirus eriocheiris,AY542965
Crabreovirus scylla,HQ414127
Crabreovirus scylla,HQ414128
Crabreovirus scylla,HQ414129
Crabreovirus scylla,HQ414130
Crabreovirus scylla,HQ414131
Crabreovirus scylla,HQ414132
Crabreovirus scylla,HQ414133
Crabreovirus scylla,HQ414134
Crabreovirus scylla,HQ414135
Crabreovirus scylla,HQ414136
Crabreovirus scylla,HQ414137
Crabreovirus scylla,HQ414138
Orthoreovirus avis,KF809662
Orthoreovirus avis,KF809663
Orthoreovirus avis,KF809664
Orthoreovirus avis,KF809665
Orthoreovirus avis,KF809666
Orthoreovirus avis,KF809667
Orthoreovirus avis,KF809668
Orthoreovirus avis,KF809669
Orthoreovirus avis,KF809670
Orthoreovirus avis,KF809671
Orbivirus eubenangeense,JQ070376
Orbivirus eubenangeense,JQ070377
Orbivirus eubenangeense,JQ070378
Orbivirus eubenangeense,JQ070379
Orbivirus eubenangeense,JQ070380
Orbivirus eubenangeense,JQ070381
Orbivirus eubenangeense,JQ070382
Orbivirus eubenangeense,JQ070383
Orbivirus eubenangeense,JQ070384
Orbivirus eubenangeense,JQ070385
Rotavirus alphagastroenteritidis,DQ838640
Rotavirus alphagastroenteritidis,DQ838635
Rotavirus alphagastroenteritidis,DQ838645
Rotavirus alphagastroenteritidis,DQ841262
Rotavirus alphagastroenteritidis,DQ838599
Rotavirus alphagastroenteritidis,DQ838650
Rotavirus alphagastroenteritidis,DQ838610
Rotavirus alphagastroenteritidis,DQ838615
Rotavirus alphagastroenteritidis,DQ838620
Rotavirus alphagastroenteritidis,DQ838625
Rotavirus alphagastroenteritidis,DQ838630
Tambotovirus akara,MN379592
Nimphelosvirus arnor,MT293410
Pelorivirus melia,KU043406
Harfovirus londae,FJ959082
Mazarbulvirus hasufel,MT293416
Nimlovirus annon,KT732823
Mastadenovirus simiae,KP853124
Aviadenovirus gallopavoquintum,KF477313
Mastadenovirus blackbeardi,DQ086466
Barthadenovirus schwarzi,MT138103
Mastadenovirus simiavigesimum,HQ605912
Mastadenovirus cynocephali,KC693022
Aviadenovirus hepatitidis,KT862808
Mastadenovirus tupaiae,AF258784
Mastadenovirus simiae,KP853122
Aviadenovirus gallopavoprimum,GU936707
Mastadenovirus exoticum,AY530878
Mastadenovirus dominans,EF153474
Mastadenovirus russelli,DQ923122
Mastadenovirus dominans,JN226763
Mastadenovirus porcusquartum,MK774519
Aviadenovirus senegalense,MH580295
Barthadenovirus lacertae,KJ156523
Aviadenovirus gruis,LC469780
Mastadenovirus dominans,JN226758
Mastadenovirus bosdecimum,ON217544
Barthadenovirus bosseptimum,LC597488
Mastadenovirus blackbeardi,AY803294
Barthadenovirus ovis,U40839
Mastadenovirus adami,X73487
Mastadenovirus blackbeardi,AY163756
Pitorquevirus ursid23,OP629192
Etatorquevirus felid25,MT538051
Betatorquevirus homini26,KY462770
Gyrovirus homsa1,JQ308210
Alphatorquevirus homin13,AF345526
Gyrovirus anas2,MT318125
Betatorquevirus homini15,JX134044
Gammatorquevirus homidi4,EF538876
Alphatorquevirus homin17,AX025830
Ayintorquevirus ursid28,OP629199
Gyrovirus phaco1,OK665854
Qoptorquevirus delphin1,PP790261
Etatorquevirus felid26,MT538062
Alphatorquevirus homin19,AB025946
Betatorquevirus homini13,KY856742
Tettorquevirus felid6,KX262893
Sigmatorquevirus otari1,FJ459582
Etatorquevirus felid24,MT538121
Thetatorquevirus ursid4,MF327554
Betatorquevirus homini33,MH649029
Betatorquevirus homini35,MH648966
Etatorquevirus felid18,MT538124
Gyrovirus anas1,MT318123
Qoptorquevirus delphin16,PP790231
Anthevirus eris,KP153474
Ninurtavirus culiziae,KP153494
Kajamanuvirus cruti,MK012494
Shanivirus bortici,MW678999
Anthevirus archis,KM821752
Acamarivirus lunaes,MK433218
Sickelvirus maringis,MW202831
Shanivirus waseris,KY487785
Shanivirus airbis,MW678995
Elnathivirus orbitis,MW697488
Acamarivirus solis,KT862235
Chiunvirus auroris,MN928931
Alphapolyomavirus sextipanos,JX159982
Gammapolyomavirus egouldiae,KT302407
Alphapolyomavirus cardiodermae,JX520659
Betapolyomavirus secacelebensis,AB972941
Betapolyomavirus vicugnae,KU879245
Deltapolyomavirus secuprocyonis,KY549442
Alphapolyomavirus ponabelii,FN356901
Alphapolyomavirus panos,FR692334
Alphapolyomavirus apaniscus,JX159987
Alphapolyomavirus mischreibersii,LC185213
Epsilonpolyomavirus poporcus,MG654481
Deltapolyomavirus undecihominis,JX463183
Polerovirus MYDVRMV,KC921392
Enamovirus BPVE,MZ702869
Polerovirus CDPV,BK013145
Polerovirus CABYV,X76931
Polerovirus SBCLRV,OM507197
Enamovirus PLEV,MH397359
Polerovirus WYDVGPV,FM865413
Sobemovirus CFMV,DQ680848
Polerovirus DVPV,MZ965076
Enamovirus CVEV,HF679486
Polerovirus PUPV,MG800833
Enamovirus PEMV,L04573
Mamastrovirus guangxiense,FJ571065
Mamastrovirus hipposideri,FJ571074
Hodnevirus allochthonovivens,CASDWV010000109
Strotovirus faecivicinum,MZ679635
Wibpevirus chorenecus,CASDWV010002170
Hilfovirus faecivivens,MZ679551
Huhbevirus nemorisenecus,MZ679592
Lohwivirus pseudofaecenecus,MZ679519
Alehxovirus montiscola,MZ679759
Cawstavirus faecenecus,ON162538
Huhbevirus segetadaptatum,CASDWV010004745
Alehxovirus allonemorisadaptatum,MZ679625
Hodnevirus allotellurihabitans,CASDWV010002418
Hodnevirus allolimivicinum,CASDWV010001228
Bahrchivirus agrivivens,CASDWV010001983
Wixfovirus caenivivens,CASDWV010002615
Mohrtavirus asiohabitans,CASDWV010000767
Hohrdovirus tellurihabitans,CASDWV010003127
Hodnevirus allosegetadaptatum,CASDWV010002094
Hodnevirus pseudomessicola,CASDWV010000443
Chiruvirus edaphovicinum,CASDWV010002426
Hohrdovirus chorohabitans,CASDWV010000742
Hodnevirus lutivivens,CASDWV010001932
Hodnevirus allolimadaptatum,CASDWV010002430
Danchavirus faecivivens,MZ679560
Clavevirus pedovivens,CASDWV010002288
Hodnevirus graminiscola,MN035541
Hodnevirus isochthonovicinum,CASDWV010001278
Alehxovirus frumentivivens,MZ679695
Huhbevirus geohabitans,CASDWV010004606
Gulmivirus nemorishabitans,MZ679704
Huylevirus lutadaptatum,CASDWV010001714
Alehxovirus nemorisadaptatum,MZ679526
Alehxovirus nemorisvivens,MZ679735
Gihfavirus tellurivicinum,CASDWV010002124
Prorsmavirus faecicola,ON163534
Yeziwivirus allofaecihabitans,MZ679472
Hodnevirus alloluticola,CASDWV010002048
Tikiyavirus faecivivens,MZ679611
Wibpevirus agricola,CASDWV010004864
Tikiyavirus agricola,CASDWV010003108
Gihfavirus pelovivens,CASDWV010000465
Loecwouvirus pseudonemorishabitans,MZ679612
Lazuovirus humenecus,CASDWV010004654
Hodnevirus isohumivicinum,CASDWV010000331
Alehxovirus pseudonemorisvicinum,MZ679659
Hihlwovirus pedadaptatum,CASDWV010001736
Hodnevirus alloterradaptatum,CASDWV010002849
Hodnevirus luticola,CASDWV010000775
Huhbevirus agrivicinum,CASDWV010003702
Huhbevirus segetivivens,CASDWV010000992
Giliycovirus chthonocola,CASDWV010000995
Hodnevirus allopelocola,CASDWV010001778
Hodnevirus radicicola,CASDWV010004670
Gulmivirus nemorisvicinum,MZ679637
Hihlwovirus terrivivens,CASDWV010003363
Molucevirus limicola,CASDWV010002323
Hodnevirus pseudocaenivivens,CASDWV010001299
Huhbevirus terrivivens,CASDWV010001431
Bartuvirus messadaptatum,CASDWV010005048
Bicehmovirus arvihabitans,CASDWV010004556
Hodnevirus isoagrivivens,CASDWV010003991
Alehxovirus allofundivivens,MZ679678
Huhbevirus radicicola,CASDWV010001079
Clavevirus segeticola,CASDWV010002236
Hodnevirus neoarvenecus,CASDWV010004206
Hodnevirus lutihabitans,CASDWV010004440
Hodnevirus isogeocola,CASDWV010001363
Endehruvirus lutenecus,CASDWV010002198
Huhbevirus solenecus,CASDWV010000516
Tehnicivirus edaphovicinum,CASDWV010004354
Hodnevirus messicola,CASDWV010004380
Hodnevirus allolutivivens,CASDWV010001099
Alehxovirus geovicinum,CASDWV010002788
Hodnevirus pseudogeoenecus,CASDWV010003317
Quihndovirus caenivivens,CASDWV010003377
Alehxovirus infecundadaptatum,MZ679595
Lidbrovirus pelovicinum,CASDWV010000548
Hodnevirus pelohabitans,CASDWV010003851
Hodnevirus caenadaptatum,CASDWV010003378
Alehxovirus frumentivicinum,MZ679699
Kecuhnavirus faecivicinum,MZ680340
Stehnavirus terricola,CASDWV010000209
Hodnevirus allochoradaptatum,CASDWV010000689
Chiruvirus lutenecus,CASDWV010000660
Hisolavirus faecicola,MZ679760
Yeziwivirus fundadaptatum,MZ679465
Bicehmovirus faecicola,ON164258
Hihlwovirus fundihabitans,MZ679536
Loptevirus soladaptatum,CASDWV010000082
Kecuhnavirus radicihabitans,CASDWV010000265
Hodnevirus allopedovivens,CASDWV010005066
Umbravirus ixeridii,KT946712
Pelarspovirus tessellati,MG958506
Tralespevirus gompholobii,KX184304
Luteovirus mali,MF120198
Luteovirus phaseoli,AF441393
Machlomovirus liegense,ON137711
Tombusvirus neckarfluminis,AJ607403
Gallantivirus galinsogae,Y13463
Aureusvirus aurei,X87115
Macronovirus macrobrachii,EU150133
Carlavirus deltasambuci,KJ572563
Divavirus alphahardenbergiae,HQ241409
Tymovirus plantagonis,AY751779
Carlavirus betaphlocis,EU162589
Potexvirus ecsmanihotis,KY288487
Carlavirus humuli,EU527979
Potexvirus bambusae,D26017
Tymovirus theobromatis,X54354
Citrivirus unipolysciasii,ON240064
Potexvirus colombiense,KC505252
Trichovirus persicae,DQ117579
Vitivirus duomenthae,AY913795
Potexvirus ecschlumbergerae,AY366207
Robigovirus necroavii,AF237816
Tepovirus tafpruni,KF700263
Carlavirus betarosae,MT473961
Banmivirus musornatae,OK721096
Vitivirus ananasae,OM141115
Chordovirus unicarotae,KF533711
Tymovirus lycopersici,KC840043
Foveavirus tetracamelliae,MT028514
Potexvirus triasparagi,AB304848
Vitivirus vaccinii,MK460433
Capillovirus uniheveae,MN047299
Carlavirus latensdioscoreae,KJ789130
Potexvirus ecscaricae,MN265368
Divipalmivirus diplodiae,OM837803
Divipalmivirus diplodiae,OM837804
Divipalmivirus diplodiae,OM837805
Alphayadokarivirus rokubani,MT876192
Chipapillomavirus 1,FJ492743
Iotapapillomavirus 1,HQ625441
Dyomupapillomavirus 1,HQ262535
Alphapapillomavirus 7,DQ080079
Gammapapillomavirus 12,JX444072
Gammapapillomavirus 7,JF906559
Betapapillomavirus 2,U31780
Betapapillomavirus 1,GU014533
Alphapapillomavirus 1,M73236
Dyoiotapapillomavirus 2,JQ031033
Alphapapillomavirus 14,DQ080082
Dyoepsilonpapillomavirus 1,EU188799
Dyochipapillomavirus 1,KF741371
Xipapillomavirus 2,JF834523
Dyoupsilonpapillomavirus 1,JX123128
Omikronpapillomavirus 1,AJ238373
Gammapapillomavirus 8,EU541442
Upsilonpapillomavirus 1,JN709469
Etapapillomavirus 1,AY057109
Dyoxipapillomavirus 1,DQ217793
Betapapillomavirus 2,GQ845444
Gammapapillomavirus 12,GU117632
Alphapapillomavirus 9,J04353
Chipapillomavirus 3,JF800657
Alphapapillomavirus 5,M62877
Gammapapillomavirus 4,U31792
Xipapillomavirus 3,KC810012
Alphapapillomavirus 8,X74478
Dyoiotapapillomavirus 2,JQ031032
Dyokappapapillomavirus 2,KC876045
Upsilonpapillomavirus 1,EU240894
Alphapapillomavirus 14,AY057438
Dyoomikronpapillomavirus 1,JF304766
Betapapillomavirus 1,FM955841
Colecusatellite sidaprimi,FR772088
Milvetsatellite japastra,AB009047
Colecusatellite agerati,JX913532
Betasatellite rhynchosiae,KP752092
Betasatellite siegesbeckiasecundi,JF682839
Deltavirus japanense,AF104264
Betasatellite solanilagunaense,AB307732
Nordovirus asienecus,CASDWV010004474
Betasatellite abelmoschusomanense,KF267444
Aquabirnavirus ascitae,AB006783
Aquabirnavirus ascitae,AY129662
Dalvirus anatis,MH824555
Betasatellite nicotianachlorosis,JX025223
Deltasatellite ipomoeasecundi,KF716173
Betasatellite caricachinaense,KJ642219
Betasatellite ageraflavisrilankaense,AJ542498
Clecrusatellite solanumvirudhunagarense,KY848691
Fabenesatellite fabae,AJ005966
Gosmusatellite ecliptae,KX938425
Colecusatellite malvastrumcameroonense,FN675297
Betasatellite gossypibangalorenseprimi,AY705381
Clecrusatellite sidacubaense,HE806451
Betasatellite solaninepalense,AJ542492
Clecrusatellite crotonis,FN658711
Clecrusatellite chiapasense,MN203219
Clostunsatellite sophorae,KX534409
Colecusatellite solanumcameroonense,FN675296
Betasatellite siegesbeckiaguangxiense,AM238695
Polymycovirus aspelaei,MG887754
Polymycovirus aspelaei,MG887755
Polymycovirus aspelaei,MG887756
Polymycovirus aspelaei,MG887757
Cocosatellite kelapa,MF926429
Medusavirus medusae,AP018495
Gosmusatellite abelmoschi,HF546575
Pospiviroid exocortiscitri,J02053
Dronavirus drosophilae,GQ342962
Dronavirus drosophilae,GQ342963
Betasatellite abelmoschusmusiviflavi,AJ308425
